<?xml version="1.0"?>
<ECMS xmlns:xsi="http://www.w3.org/2001/XMLSchema-instance" xmlns:xsd="http://www.w3.org/2001/XMLSchema">
  <Records>
    <Record>
      <Abstract>test. State only took one letter v instead VA. !   </Abstract>
      <AccessionNumber>AD1000369</AccessionNumber>
      <AdministrativeNote />
      <AuthorOrganizations>
        <AuthorOrganization Num="1">
          <Acronym />
          <City>MCLEAN</City>
          <Country />
          <Name>ACADEMIC PEDIATRIC ASSOCIATION MCLEAN VA</Name>
          <OrganizationType>
            <Code>4</Code>
            <Description>Industrial/Commercial</Description>
            <EcmsCode>100</EcmsCode>
          </OrganizationType>
          <PostalCode />
          <ReportCode />
          <ReportNumbers>
            <ReportNumber Num="1">
              <Punctuated>987654321</Punctuated>
              <Unpunctuated>987654321</Unpunctuated>
            </ReportNumber>
          </ReportNumbers>
          <SourceCode>604271</SourceCode>
          <State>
            <EcmsCode>46</EcmsCode>
            <Name>VA</Name>
          </State>
          <SubName>CONTINUITY RESEARCH NETWORK</SubName>
        </AuthorOrganization>
        <AuthorOrganization Num="2">
          <Acronym />
          <City>MCLEAN</City>
          <Country />
          <Name>ACADEMIC PEDIATRIC ASSOCIATION MCLEAN VA</Name>
          <OrganizationType>
            <Code>4</Code>
            <Description>Industrial/Commercial</Description>
            <EcmsCode>100</EcmsCode>
          </OrganizationType>
          <PostalCode />
          <ReportCode />
          <ReportNumbers>
            <ReportNumber Num="1">
              <Punctuated>987654321</Punctuated>
              <Unpunctuated>987654321</Unpunctuated>
            </ReportNumber>
          </ReportNumbers>
          <SourceCode>604271</SourceCode>
          <State>
            <EcmsCode>46</EcmsCode>
            <Name>VA</Name>
          </State>
          <SubName>CONTINUITY RESEARCH NETWORK</SubName>
        </AuthorOrganization>
      </AuthorOrganizations>
      <Authors />
      <Comment>some additional test information. Test information. only for test purpose.   </Comment>
      <Conference>
        <EndDate />
        <Location>
          <Country />
        </Location>
        <StartDate />
      </Conference>
      <ControllingOrganizations>
        <ControllingOrganization Num="1">
          <Acronym />
          <City />
          <Code />
          <Country />
          <Name> Wahab Control Office   </Name>
          <PostalCode>22150</PostalCode>
          <SameOrganizationAsFunding>0</SameOrganizationAsFunding>
          <SourceCode />
          <State>va</State>
          <Street />
          <SubName />
        </ControllingOrganization>
      </ControllingOrganizations>
      <CreationDate>
        <Date>2020-07-16</Date>
        <String>2020-07-16</String>
      </CreationDate>
      <DateCovered>
        <From>
          <Date>2020-07-31</Date>
          <String>2020-07-31</String>
        </From>
        <To>
          <Date>2020-07-31</Date>
          <String>2020-07-31</String>
        </To>
      </DateCovered>
      <DigitizationId />
      <DocumentType>
        <Main>
          <Description>Technical Report</Description>
          <EcmsCode>1</EcmsCode>
        </Main>
        <Sub>
          <Description>Annual Report</Description>
          <EcmsCode>88</EcmsCode>
        </Sub>
      </DocumentType>
      <Doi>AW123456789</Doi>
      <EcmsCollection>TR</EcmsCollection>
      <EmbeddedMedia>1</EmbeddedMedia>
      <Files>
        <File Num="1">
          <DownloadFileName>AD1000369.pdf</DownloadFileName>
          <UploadFileName>ECMS SIPR_project Requirement.pdf</UploadFileName>
          <UploadFileSize />
        </File>
      </Files>
      <FormOrigin>E</FormOrigin>
      <FundingOrganizations>
        <FundingOrganization Num="1">
          <Acronym />
          <City>MCLEAN</City>
          <Code>242484</Code>
          <Contract>
            <AwardDate />
            <IacType />
            <ContractNumbers />
            <Title />
          </Contract>
          <Country>
            <EcmsCode>242</EcmsCode>
            <Name>United States</Name>
          </Country>
          <GrantNumbers />
          <Name>ACADEMIC PEDIATRIC ASSOCIATION MCLEAN VA</Name>
          <OrganizationType>
            <Code>4</Code>
            <Description>Industrial/Commercial</Description>
            <EcmsCode>100</EcmsCode>
            <Id>4</Id>
          </OrganizationType>
          <PerformanceMethod />
          <PostalCode />
          <ProgramElementNumbers />
          <ProjectNumbers />
          <ReportNumbers>
            <ReportNumber Num="1">
              <Punctuated>987654321</Punctuated>
              <Unpunctuated>987654321</Unpunctuated>
            </ReportNumber>
          </ReportNumbers>
          <SameOrganizationAsAuthor>1</SameOrganizationAsAuthor>
          <SourceCode>604271</SourceCode>
          <State>
            <EcmsCode>46</EcmsCode>
            <Name>VA</Name>
          </State>
          <SubName />
          <TaskNumbers />
          <TaskOrders>
            <TaskOrder>
              <EndDate>
                <Date>0001-01-01</Date>
                <String>0001-01-01</String>
              </EndDate>
              <Number>
                <Punctuated />
                <Unpunctuated />
              </Number>
              <StartDate>
                <Date>0001-01-01</Date>
                <String>0001-01-01</String>
              </StartDate>
              <Title />
            </TaskOrder>
          </TaskOrders>
          <WorkUnitNumbers />
        </FundingOrganization>
      </FundingOrganizations>
      <Journal>
        <PublicationDate />
      </Journal>
      <Markings>
        <Abstract>
          <Classification>
            <Code>U</Code>
            <Description>Unclassified</Description>
          </Classification>
          <Distribution>
            <Code>B</Code>
            <Description>U.S. Government agencies only</Description>
            <EcmsCode>2</EcmsCode>
            <Name>U.S. Government agencies only</Name>
          </Distribution>
          <DistributionReasons>
            <DistributionReason Num="1">
              <Code>CL</Code>
              <Description>Critical Technology</Description>
            </DistributionReason>
            <DistributionReason Num="2">
              <Code>FG</Code>
              <Description>Foreign Government Information</Description>
            </DistributionReason>
            <DistributionReason Num="3">
              <Code>PI</Code>
              <Description>Proprietary Information</Description>
            </DistributionReason>
          </DistributionReasons>
          <ExportControl>1</ExportControl>
        </Abstract>
        <ClassificationChangeAuthority />
        <Copyright />
        <DeclassificationDate />
        <Descriptor>
          <Classification>
            <Code>U</Code>
            <Description>Unclassified</Description>
          </Classification>
        </Descriptor>
        <DistributionChange>
          <ChangeAuthority />
        </DistributionChange>
        <DistributionDate />
        <Document>
          <Classification>
            <Code>U</Code>
            <Description>Unclassified</Description>
          </Classification>
          <Distribution>
            <Code>B</Code>
            <DateSameAsReport>0</DateSameAsReport>
            <Description>U.S. Government agencies only</Description>
            <EcmsCode>2</EcmsCode>
          </Distribution>
          <DistributionDate>
            <Date>2020-08-01</Date>
            <String>2020-08-01</String>
          </DistributionDate>
          <DistributionReasons>
            <DistributionReason Num="1">
              <Code>CL</Code>
              <Description>Critical Technology</Description>
              <EcmsCode>10061</EcmsCode>
            </DistributionReason>
            <DistributionReason Num="2">
              <Code>FG</Code>
              <Description>Foreign Government Information</Description>
              <EcmsCode>10063</EcmsCode>
            </DistributionReason>
            <DistributionReason Num="3">
              <Code>PI</Code>
              <Description>Proprietary Information</Description>
              <EcmsCode>10066</EcmsCode>
            </DistributionReason>
          </DistributionReasons>
          <ExportControl>1</ExportControl>
          <EmbargoPeriod />
          <Nato />
          <OpenAccessAvailable>0</OpenAccessAvailable>
          <OstpJournal>0</OstpJournal>
          <DistributionComment />
          <ForPay>0</ForPay>
        </Document>
        <DocumentExists>1</DocumentExists>
        <DowngradeDate />
        <Identifier>
          <Classification>
            <Code>U</Code>
            <Description>Unclassified</Description>
          </Classification>
        </Identifier>
        <Nato />
        <Record>
          <Classification>
            <Code>U</Code>
            <Description>Unclassified</Description>
          </Classification>
        </Record>
        <ReplaceDate />
        <SecurityChanges />
        <TitleClassification />
      </Markings>
      <MediaFormat>
        <Description>Video</Description>
        <EcmsCode>2</EcmsCode>
      </MediaFormat>
      <Pagination>25</Pagination>
      <ProcessingPriority />
      <PublicationDate>
        <Date>2020-07-16</Date>
        <String>2020-07-16</String>
      </PublicationDate>
      <RecordId>125269</RecordId>
      <RecordStatus>
        <Code>A</Code>
        <Description>active</Description>
      </RecordStatus>
      <RelatedAccessionNumber />
      <SbirTopic />
      <Sf298>1</Sf298>
      <Submitter>
        <EmailAddress>abdul.wahab6.civ@mail.mil</EmailAddress>
        <FirstName>abdul</FirstName>
        <LastName>wahab</LastName>
        <LdapId>wahaba0000</LdapId>
        <MiddleName />
        <Name>wahab  abdul</Name>
        <Orcid />
        <Phone>(571) 448-9778</Phone>
        <SameAsAuthor>0</SameAsAuthor>
        <Suffix />
      </Submitter>
      <TagSets Source="human">
        <CommunitiesOfInterest>
          <CommunityOfInterest>
            <MainEcmsCode>3</MainEcmsCode>
            <SubAreaEcmsCode>13</SubAreaEcmsCode>
          </CommunityOfInterest>
        </CommunitiesOfInterest>
        <Descriptors>
          <Descriptor id="" score="" />
        </Descriptors>
        <Identifiers>
          <Identifier Num="1">Test Subject   </Identifier>
        </Identifiers>
        <JointCapabilityAreas id="125269" name="">
          <JointCapabilityArea>
            <Code>4</Code>
            <Name>Command And Control</Name>
          </JointCapabilityArea>
        </JointCapabilityAreas>
        <SubjectCategories />
        <TaggedDate>
          <DateTime>2020-07-16 00:00:00</DateTime>
        </TaggedDate>
        <TechnologyAreas>
          <TechnologyArea Num="1">
            <Name>2. Technology concept and/or application formulated</Name>
            <EcmsCode>2</EcmsCode>
          </TechnologyArea>
        </TechnologyAreas>
        <TechnologyReadinessLevel />
      </TagSets>
      <TagSets Source="tagger">
        <CommunitiesOfInterest />
        <Descriptors />
        <Identifiers />
        <JointCapabilityAreas />
        <SubjectCategories />
        <TaggedDate />
        <TechnologyAreas />
        <TechnologyReadinessLevel />
      </TagSets>
      <Title>Wahab Test report</Title>
      <UpdateDate>
        <Date>2020-07-16</Date>
        <String>2020-07-16</String>
      </UpdateDate>
      <WorkflowId>253557</WorkflowId>
    </Record>
    <Record>
      <Abstract>Test Abstract added. This is a test abstract. the author is Mr. XYZ.    </Abstract>
      <AccessionNumber>AD1000370</AccessionNumber>
      <AdministrativeNote />
      <AuthorOrganizations>
        <AuthorOrganization Num="1">
          <Acronym />
          <City>Springfield</City>
          <Country>
            <EcmsCode>242</EcmsCode>
            <Name>United States</Name>
          </Country>
          <Name>Wahab perfrom Org</Name>
          <OrganizationType>
            <Code>G</Code>
            <Description>Agriculture</Description>
            <EcmsCode>75</EcmsCode>
          </OrganizationType>
          <PostalCode />
          <ReportCode />
          <ReportNumbers>
            <ReportNumber Num="1">
              <Punctuated>1234</Punctuated>
              <Unpunctuated>1234</Unpunctuated>
            </ReportNumber>
          </ReportNumbers>
          <SourceCode>aw1234</SourceCode>
          <State>
            <EcmsCode>46</EcmsCode>
            <Name>VA</Name>
          </State>
          <SubName />
        </AuthorOrganization>
      </AuthorOrganizations>
      <Authors>
        <Author Num="1">
          <FirstName>abdul</FirstName>
          <Government>0</Government>
          <LastName>wahab</LastName>
          <MiddleName>na</MiddleName>
          <Orcid>9876543210</Orcid>
          <Suffix />
        </Author>
      </Authors>
      <Comment>No additional information! just kidding; this is a a test information.
    </Comment>
      <Conference>
        <EndDate />
        <Location>
          <Country />
        </Location>
        <StartDate />
      </Conference>
      <ControllingOrganizations>
        <ControllingOrganization Num="1">
          <Acronym />
          <City> Springfield</City>
          <Code />
          <Country />
          <Name> Wahab Control Office    </Name>
          <PostalCode>22150</PostalCode>
          <SameOrganizationAsFunding>0</SameOrganizationAsFunding>
          <SourceCode />
          <State>VA</State>
          <Street />
          <SubName />
        </ControllingOrganization>
      </ControllingOrganizations>
      <CreationDate>
        <Date>2020-07-16</Date>
        <String>2020-07-16</String>
      </CreationDate>
      <DateCovered>
        <From>
          <Date>2020-07-16</Date>
          <String>2020-07-16</String>
        </From>
        <To>
          <Date>2020-07-31</Date>
          <String>2020-07-31</String>
        </To>
      </DateCovered>
      <DigitizationId />
      <DocumentType>
        <Main>
          <Description>Technical Report</Description>
          <EcmsCode>1</EcmsCode>
        </Main>
        <Sub>
          <Description>Bibliography</Description>
          <EcmsCode>19</EcmsCode>
        </Sub>
      </DocumentType>
      <Doi>aw2345678</Doi>
      <EcmsCollection>TR</EcmsCollection>
      <EmbeddedMedia>1</EmbeddedMedia>
      <Files>
        <File Num="1">
          <DownloadFileName>AD1000370.pdf</DownloadFileName>
          <UploadFileName>ECMS SIPR_project Requirement.pdf</UploadFileName>
          <UploadFileSize />
        </File>
      </Files>
      <FormOrigin>E</FormOrigin>
      <FundingOrganizations>
        <FundingOrganization Num="1">
          <Acronym>ORG</Acronym>
          <City> Springfield</City>
          <Code>242487</Code>
          <Contract>
            <AwardDate />
            <IacType />
            <ContractNumbers>
              <ContractNumber Num="1">
                <Punctuated>aw23424</Punctuated>
                <Unpunctuated>aw23424</Unpunctuated>
              </ContractNumber>
            </ContractNumbers>
            <Title />
          </Contract>
          <Country>
            <EcmsCode>242</EcmsCode>
            <Name>United States</Name>
          </Country>
          <GrantNumbers>
            <GrantNumber Num="1">
              <Punctuated>4325</Punctuated>
              <Unpunctuated>4325</Unpunctuated>
            </GrantNumber>
          </GrantNumbers>
          <Name> Wahab Funding Org</Name>
          <OrganizationType>
            <Code>K</Code>
            <Description>Energy</Description>
            <EcmsCode>79</EcmsCode>
            <Id>K</Id>
          </OrganizationType>
          <PerformanceMethod>
            <Code>F</Code>
            <Description>FOREIGN CO-DEVELOPMENT - Work performed with a foreign company</Description>
            <EcmsCode>2</EcmsCode>
            <Name>FOREIGN CO-DEVELOPMENT - Work performed with a foreign company</Name>
          </PerformanceMethod>
          <PostalCode />
          <ProgramElementNumbers>
            <ProgramElementNumber Num="1">
              <Punctuated>prog123124</Punctuated>
              <Unpunctuated>prog123124</Unpunctuated>
            </ProgramElementNumber>
          </ProgramElementNumbers>
          <ProjectNumbers>
            <ProjectNumber Num="1">
              <Punctuated>52525</Punctuated>
              <Unpunctuated>52525</Unpunctuated>
            </ProjectNumber>
          </ProjectNumbers>
          <ReportNumbers>
            <ReportNumber Num="1">
              <Punctuated>aw3436436</Punctuated>
              <Unpunctuated>aw3436436</Unpunctuated>
            </ReportNumber>
          </ReportNumbers>
          <SameOrganizationAsAuthor>0</SameOrganizationAsAuthor>
          <SourceCode> </SourceCode>
          <State>
            <EcmsCode>46</EcmsCode>
            <Name>VA</Name>
          </State>
          <SubName />
          <TaskNumbers>
            <TaskNumber Num="1">
              <Punctuated>task</Punctuated>
              <Unpunctuated>task</Unpunctuated>
            </TaskNumber>
          </TaskNumbers>
          <TaskOrders>
            <TaskOrder>
              <EndDate>
                <Date>0001-01-01</Date>
                <String>0001-01-01</String>
              </EndDate>
              <Number>
                <Punctuated />
                <Unpunctuated />
              </Number>
              <StartDate>
                <Date>0001-01-01</Date>
                <String>0001-01-01</String>
              </StartDate>
              <Title />
            </TaskOrder>
          </TaskOrders>
          <WorkUnitNumbers>
            <WorkUnitNumber Num="1">
              <Punctuated>aw</Punctuated>
              <Unpunctuated>aw</Unpunctuated>
            </WorkUnitNumber>
          </WorkUnitNumbers>
        </FundingOrganization>
      </FundingOrganizations>
      <Journal>
        <PublicationDate />
      </Journal>
      <Markings>
        <Abstract>
          <Classification>
            <Code>U</Code>
            <Description>Unclassified</Description>
          </Classification>
          <Distribution>
            <Code>C</Code>
            <Description>U.S. Government agencies and their contractors</Description>
            <EcmsCode>3</EcmsCode>
            <Name>U.S. Government agencies and their contractors</Name>
          </Distribution>
          <DistributionReasons>
            <DistributionReason Num="1">
              <Code>EC</Code>
              <Description>Export Controlled</Description>
            </DistributionReason>
            <DistributionReason Num="2">
              <Code>SA</Code>
              <Description>Specific Authority</Description>
            </DistributionReason>
            <DistributionReason Num="3">
              <Code>CL</Code>
              <Description>Critical Technology</Description>
            </DistributionReason>
          </DistributionReasons>
          <ExportControl>1</ExportControl>
        </Abstract>
        <ClassificationChangeAuthority />
        <Copyright />
        <DeclassificationDate />
        <Descriptor>
          <Classification>
            <Code>U</Code>
            <Description>Unclassified</Description>
          </Classification>
        </Descriptor>
        <DistributionChange>
          <ChangeAuthority />
        </DistributionChange>
        <DistributionDate />
        <Document>
          <Classification>
            <Code>U</Code>
            <Description>Unclassified</Description>
          </Classification>
          <Distribution>
            <Code>C</Code>
            <DateSameAsReport>0</DateSameAsReport>
            <Description>U.S. Government agencies and their contractors</Description>
            <EcmsCode>3</EcmsCode>
          </Distribution>
          <DistributionDate>
            <Date>2020-07-30</Date>
            <String>2020-07-30</String>
          </DistributionDate>
          <DistributionReasons>
            <DistributionReason Num="1">
              <Code>EC</Code>
              <Description>Export Controlled</Description>
              <EcmsCode>10073</EcmsCode>
            </DistributionReason>
            <DistributionReason Num="2">
              <Code>SA</Code>
              <Description>Specific Authority</Description>
              <EcmsCode>10076</EcmsCode>
            </DistributionReason>
            <DistributionReason Num="3">
              <Code>CL</Code>
              <Description>Critical Technology</Description>
              <EcmsCode>10072</EcmsCode>
            </DistributionReason>
          </DistributionReasons>
          <ExportControl>1</ExportControl>
          <EmbargoPeriod />
          <Nato />
          <OpenAccessAvailable>0</OpenAccessAvailable>
          <OstpJournal>0</OstpJournal>
          <DistributionComment />
          <ForPay>0</ForPay>
        </Document>
        <DocumentExists>1</DocumentExists>
        <DowngradeDate />
        <Identifier>
          <Classification>
            <Code>U</Code>
            <Description>Unclassified</Description>
          </Classification>
        </Identifier>
        <Nato />
        <Record>
          <Classification>
            <Code>U</Code>
            <Description>Unclassified</Description>
          </Classification>
        </Record>
        <ReplaceDate />
        <SecurityChanges />
        <TitleClassification />
      </Markings>
      <MediaFormat>
        <Description>Both</Description>
        <EcmsCode>3</EcmsCode>
      </MediaFormat>
      <Pagination>25</Pagination>
      <ProcessingPriority />
      <PublicationDate>
        <Date>2020-07-16</Date>
        <String>2020-07-16</String>
      </PublicationDate>
      <RecordId>125270</RecordId>
      <RecordStatus>
        <Code>A</Code>
        <Description>active</Description>
      </RecordStatus>
      <RelatedAccessionNumber />
      <SbirTopic />
      <Sf298>1</Sf298>
      <Submitter>
        <EmailAddress>abdul.wahab6.civ@mail.mil</EmailAddress>
        <FirstName>abdul</FirstName>
        <LastName>wahab</LastName>
        <LdapId>wahaba0000</LdapId>
        <MiddleName />
        <Name>wahab  abdul</Name>
        <Orcid />
        <Phone>(571) 448-9778</Phone>
        <SameAsAuthor>0</SameAsAuthor>
        <Suffix />
      </Submitter>
      <TagSets Source="human">
        <CommunitiesOfInterest>
          <CommunityOfInterest>
            <MainEcmsCode>3</MainEcmsCode>
            <SubAreaEcmsCode>12</SubAreaEcmsCode>
          </CommunityOfInterest>
        </CommunitiesOfInterest>
        <Descriptors>
          <Descriptor id="" score="" />
        </Descriptors>
        <Identifiers>
          <Identifier Num="1">Test Subject Terms</Identifier>
          <Identifier Num="2"> Wahab</Identifier>
          <Identifier Num="3"> ECMS</Identifier>
          <Identifier Num="4"> Technical Report</Identifier>
          <Identifier Num="5"> DTIC TEST    </Identifier>
        </Identifiers>
        <JointCapabilityAreas id="125270" name="">
          <JointCapabilityArea>
            <Code>7</Code>
            <Name>Building Partnerships</Name>
          </JointCapabilityArea>
        </JointCapabilityAreas>
        <SubjectCategories />
        <TaggedDate>
          <DateTime>2020-07-16 00:00:00</DateTime>
        </TaggedDate>
        <TechnologyAreas>
          <TechnologyArea Num="1">
            <Name>2. Technology concept and/or application formulated</Name>
            <EcmsCode>2</EcmsCode>
          </TechnologyArea>
        </TechnologyAreas>
        <TechnologyReadinessLevel />
      </TagSets>
      <TagSets Source="tagger">
        <CommunitiesOfInterest />
        <Descriptors />
        <Identifiers />
        <JointCapabilityAreas />
        <SubjectCategories />
        <TaggedDate />
        <TechnologyAreas />
        <TechnologyReadinessLevel />
      </TagSets>
      <Title>Mister Wahab's Test Technical report</Title>
      <UpdateDate>
        <Date>2020-07-16</Date>
        <String>2020-07-16</String>
      </UpdateDate>
      <WorkflowId>252347</WorkflowId>
    </Record>
    <Record>
      <Abstract>sfjlsk asldf a tets ttest test test aw asd,fnf asdfflk safldskjfla afesdalfkj ad asdlkj test
ecms test in stage  </Abstract>
      <AccessionNumber>AD1000371</AccessionNumber>
      <AdministrativeNote />
      <AuthorOrganizations>
        <AuthorOrganization Num="1">
          <Acronym />
          <City>test city</City>
          <Country>
            <EcmsCode>242</EcmsCode>
            <Name>United States</Name>
          </Country>
          <Name>aw perfrom org</Name>
          <OrganizationType>
            <Code>D</Code>
            <Description>DoD (Departmental Offices)</Description>
            <EcmsCode>72</EcmsCode>
          </OrganizationType>
          <PostalCode />
          <ReportCode />
          <ReportNumbers>
            <ReportNumber Num="1">
              <Punctuated>aw5235235</Punctuated>
              <Unpunctuated>aw5235235</Unpunctuated>
            </ReportNumber>
          </ReportNumbers>
          <SourceCode>345235</SourceCode>
          <State>
            <EcmsCode>46</EcmsCode>
            <Name>VA</Name>
          </State>
          <SubName />
        </AuthorOrganization>
      </AuthorOrganizations>
      <Authors>
        <Author Num="1">
          <FirstName>Wahab</FirstName>
          <Government>0</Government>
          <LastName>abdul</LastName>
          <MiddleName>w</MiddleName>
          <Orcid>aw5345325346</Orcid>
          <Suffix />
        </Author>
      </Authors>
      <Comment>rwekjr asdklfj aa fkjasdlgk asd addditonal information.  </Comment>
      <Conference>
        <EndDate />
        <Location>
          <Country />
        </Location>
        <StartDate />
      </Conference>
      <ControllingOrganizations>
        <ControllingOrganization Num="1">
          <Acronym />
          <City> Springfield</City>
          <Code />
          <Country />
          <Name> qw control office  </Name>
          <PostalCode>22150</PostalCode>
          <SameOrganizationAsFunding>0</SameOrganizationAsFunding>
          <SourceCode />
          <State>VA</State>
          <Street />
          <SubName />
        </ControllingOrganization>
      </ControllingOrganizations>
      <CreationDate>
        <Date>2020-07-17</Date>
        <String>2020-07-17</String>
      </CreationDate>
      <DateCovered>
        <From>
          <Date>2020-07-01</Date>
          <String>2020-07-01</String>
        </From>
        <To>
          <Date>2020-07-31</Date>
          <String>2020-07-31</String>
        </To>
      </DateCovered>
      <DigitizationId />
      <DocumentType>
        <Main>
          <Description>SBIR Report</Description>
          <EcmsCode>5</EcmsCode>
        </Main>
        <Sub>
          <Description>Final Report</Description>
          <EcmsCode>62</EcmsCode>
        </Sub>
      </DocumentType>
      <Doi>aw33434646346</Doi>
      <EcmsCollection>TR</EcmsCollection>
      <EmbeddedMedia>0</EmbeddedMedia>
      <Files>
        <File Num="1">
          <DownloadFileName>AD1000371.pdf</DownloadFileName>
          <UploadFileName>ECMS SIPR_project Requirement.pdf</UploadFileName>
          <UploadFileSize />
        </File>
      </Files>
      <FormOrigin>E</FormOrigin>
      <FundingOrganizations>
        <FundingOrganization Num="1">
          <Acronym>asfd</Acronym>
          <City> Test City</City>
          <Code>242490</Code>
          <Contract>
            <AwardDate />
            <IacType />
            <ContractNumbers>
              <ContractNumber Num="1">
                <Punctuated>325235</Punctuated>
                <Unpunctuated>325235</Unpunctuated>
              </ContractNumber>
            </ContractNumbers>
            <Title />
          </Contract>
          <Country>
            <EcmsCode>242</EcmsCode>
            <Name>United States</Name>
          </Country>
          <GrantNumbers>
            <GrantNumber Num="1">
              <Punctuated>asfsdaf345</Punctuated>
              <Unpunctuated>asfsdaf345</Unpunctuated>
            </GrantNumber>
          </GrantNumbers>
          <Name> test Funding</Name>
          <OrganizationType>
            <Code>Y</Code>
            <Description>DoD Agencies</Description>
            <EcmsCode>93</EcmsCode>
            <Id>Y</Id>
          </OrganizationType>
          <PerformanceMethod>
            <Code>P</Code>
            <Description>PROCUREMENT/ACQUISITION AWARD - Contract, section 845 other transaction for prototype project, or other acquisition transaction.</Description>
            <EcmsCode>4</EcmsCode>
            <Name>PROCUREMENT/ACQUISITION AWARD - Contract, section 845 other transaction for prototype project, or other acquisition transaction.</Name>
          </PerformanceMethod>
          <PostalCode />
          <ProgramElementNumbers>
            <ProgramElementNumber Num="1">
              <Punctuated>3362346</Punctuated>
              <Unpunctuated>3362346</Unpunctuated>
            </ProgramElementNumber>
          </ProgramElementNumbers>
          <ProjectNumbers>
            <ProjectNumber Num="1">
              <Punctuated>435264</Punctuated>
              <Unpunctuated>435264</Unpunctuated>
            </ProjectNumber>
          </ProjectNumbers>
          <ReportNumbers>
            <ReportNumber Num="1">
              <Punctuated>3246246</Punctuated>
              <Unpunctuated>3246246</Unpunctuated>
            </ReportNumber>
          </ReportNumbers>
          <SameOrganizationAsAuthor>0</SameOrganizationAsAuthor>
          <SourceCode> </SourceCode>
          <State>
            <EcmsCode>46</EcmsCode>
            <Name>VA</Name>
          </State>
          <SubName />
          <TaskNumbers>
            <TaskNumber Num="1">
              <Punctuated>23452436</Punctuated>
              <Unpunctuated>23452436</Unpunctuated>
            </TaskNumber>
          </TaskNumbers>
          <TaskOrders>
            <TaskOrder>
              <EndDate>
                <Date>0001-01-01</Date>
                <String>0001-01-01</String>
              </EndDate>
              <Number>
                <Punctuated />
                <Unpunctuated />
              </Number>
              <StartDate>
                <Date>0001-01-01</Date>
                <String>0001-01-01</String>
              </StartDate>
              <Title />
            </TaskOrder>
          </TaskOrders>
          <WorkUnitNumbers>
            <WorkUnitNumber Num="1">
              <Punctuated>236346</Punctuated>
              <Unpunctuated>236346</Unpunctuated>
            </WorkUnitNumber>
          </WorkUnitNumbers>
        </FundingOrganization>
      </FundingOrganizations>
      <Journal>
        <PublicationDate />
      </Journal>
      <Markings>
        <Abstract>
          <Classification>
            <Code>U</Code>
            <Description>Unclassified</Description>
          </Classification>
          <Distribution>
            <Code>B</Code>
            <Description>U.S. Government agencies only</Description>
            <EcmsCode>2</EcmsCode>
            <Name>U.S. Government agencies only</Name>
          </Distribution>
          <DistributionReasons>
            <DistributionReason Num="1">
              <Code>CL</Code>
              <Description>Critical Technology</Description>
            </DistributionReason>
            <DistributionReason Num="2">
              <Code>FG</Code>
              <Description>Foreign Government Information</Description>
            </DistributionReason>
            <DistributionReason Num="3">
              <Code>SA</Code>
              <Description>Specific Authority</Description>
            </DistributionReason>
          </DistributionReasons>
          <ExportControl>1</ExportControl>
        </Abstract>
        <ClassificationChangeAuthority />
        <Copyright />
        <DeclassificationDate />
        <Descriptor>
          <Classification>
            <Code>U</Code>
            <Description>Unclassified</Description>
          </Classification>
        </Descriptor>
        <DistributionChange>
          <ChangeAuthority />
        </DistributionChange>
        <DistributionDate />
        <Document>
          <Classification>
            <Code>U</Code>
            <Description>Unclassified</Description>
          </Classification>
          <Distribution>
            <Code>B</Code>
            <DateSameAsReport>1</DateSameAsReport>
            <Description>U.S. Government agencies only</Description>
            <EcmsCode>2</EcmsCode>
          </Distribution>
          <DistributionDate>
            <Date>2020-07-15</Date>
            <String>2020-07-15</String>
          </DistributionDate>
          <DistributionReasons>
            <DistributionReason Num="1">
              <Code>CL</Code>
              <Description>Critical Technology</Description>
              <EcmsCode>10061</EcmsCode>
            </DistributionReason>
            <DistributionReason Num="2">
              <Code>FG</Code>
              <Description>Foreign Government Information</Description>
              <EcmsCode>10063</EcmsCode>
            </DistributionReason>
            <DistributionReason Num="3">
              <Code>SA</Code>
              <Description>Specific Authority</Description>
              <EcmsCode>10069</EcmsCode>
            </DistributionReason>
          </DistributionReasons>
          <ExportControl>1</ExportControl>
          <EmbargoPeriod />
          <Nato />
          <OpenAccessAvailable>0</OpenAccessAvailable>
          <OstpJournal>0</OstpJournal>
          <DistributionComment />
          <ForPay>0</ForPay>
        </Document>
        <DocumentExists>1</DocumentExists>
        <DowngradeDate />
        <Identifier>
          <Classification>
            <Code>U</Code>
            <Description>Unclassified</Description>
          </Classification>
        </Identifier>
        <Nato />
        <Record>
          <Classification>
            <Code>U</Code>
            <Description>Unclassified</Description>
          </Classification>
        </Record>
        <ReplaceDate />
        <SecurityChanges />
        <TitleClassification />
      </Markings>
      <MediaFormat>
        <EcmsCode />
      </MediaFormat>
      <Pagination>25</Pagination>
      <ProcessingPriority />
      <PublicationDate>
        <Date>2020-07-15</Date>
        <String>2020-07-15</String>
      </PublicationDate>
      <RecordId>125271</RecordId>
      <RecordStatus>
        <Code>A</Code>
        <Description>active</Description>
      </RecordStatus>
      <RelatedAccessionNumber />
      <SbirTopic>
        <Phase>3</Phase>
        <Title>test at tiel tole tile  </Title>
      </SbirTopic>
      <Sf298>1</Sf298>
      <Submitter>
        <EmailAddress>abdul.wahab6.civ@mail.mil</EmailAddress>
        <FirstName>abdul</FirstName>
        <LastName>wahab</LastName>
        <LdapId>wahaba0000</LdapId>
        <MiddleName />
        <Name>wahab  abdul</Name>
        <Orcid />
        <Phone>(571) 448-9778</Phone>
        <SameAsAuthor>0</SameAsAuthor>
        <Suffix />
      </Submitter>
      <TagSets Source="human">
        <CommunitiesOfInterest>
          <CommunityOfInterest>
            <MainEcmsCode>11</MainEcmsCode>
            <SubAreaEcmsCode>51</SubAreaEcmsCode>
          </CommunityOfInterest>
        </CommunitiesOfInterest>
        <Descriptors>
          <Descriptor id="" score="" />
        </Descriptors>
        <Identifiers>
          <Identifier Num="1">test aw title  </Identifier>
        </Identifiers>
        <JointCapabilityAreas id="125271" name="">
          <JointCapabilityArea>
            <Code>8</Code>
            <Name>Corporate Management and Support</Name>
          </JointCapabilityArea>
        </JointCapabilityAreas>
        <SubjectCategories />
        <TaggedDate>
          <DateTime>2020-07-17 00:00:00</DateTime>
        </TaggedDate>
        <TechnologyAreas>
          <TechnologyArea Num="1">
            <Name>3.  Analytical and experimental critical function and/or characteristic proof-ofconcept</Name>
            <EcmsCode>3</EcmsCode>
          </TechnologyArea>
        </TechnologyAreas>
        <TechnologyReadinessLevel />
      </TagSets>
      <TagSets Source="tagger">
        <CommunitiesOfInterest />
        <Descriptors />
        <Identifiers />
        <JointCapabilityAreas />
        <SubjectCategories />
        <TaggedDate />
        <TechnologyAreas />
        <TechnologyReadinessLevel />
      </TagSets>
      <Title>we asdflasjd asldf alsd asfwra asdfklas asdf</Title>
      <UpdateDate>
        <Date>2020-07-17</Date>
        <String>2020-07-17</String>
      </UpdateDate>
      <WorkflowId>252899</WorkflowId>
    </Record>
    <Record>
      <Abstract>No real abstract. test abstract.   </Abstract>
      <AccessionNumber>AD1000372</AccessionNumber>
      <AdministrativeNote />
      <AuthorOrganizations>
        <AuthorOrganization Num="1">
          <Acronym />
          <City>FAIRFAX</City>
          <Country>
            <EcmsCode>242</EcmsCode>
            <Name>United States</Name>
          </Country>
          <Name>3 PHOENIX INC FAIRFAX VA</Name>
          <OrganizationType>
            <Code>4</Code>
            <Description>Industrial/Commercial</Description>
            <EcmsCode>100</EcmsCode>
          </OrganizationType>
          <PostalCode />
          <ReportCode />
          <ReportNumbers />
          <SourceCode>446427</SourceCode>
          <State>
            <EcmsCode>46</EcmsCode>
            <Name>VA</Name>
          </State>
          <SubName />
        </AuthorOrganization>
      </AuthorOrganizations>
      <Authors />
      <Comment />
      <Conference>
        <EndDate>
          <Date>2020-07-30</Date>
          <String>2020-07-30</String>
        </EndDate>
        <Location>
          <City />
          <Country>
            <EcmsCode />
            <Name />
          </Country>
          <State />
        </Location>
        <StartDate>
          <Date>2020-07-01</Date>
          <String>2020-07-01</String>
        </StartDate>
        <Title>test conf   </Title>
      </Conference>
      <ControllingOrganizations>
        <ControllingOrganization Num="1">
          <Acronym />
          <City>FAIRFAX</City>
          <Code />
          <Country />
          <Name>3 PHOENIX INC FAIRFAX VA   </Name>
          <PostalCode>22031</PostalCode>
          <SameOrganizationAsFunding>0</SameOrganizationAsFunding>
          <SourceCode />
          <State>VA</State>
          <Street />
          <SubName />
        </ControllingOrganization>
      </ControllingOrganizations>
      <CreationDate>
        <Date>2020-07-21</Date>
        <String>2020-07-21</String>
      </CreationDate>
      <DateCovered>
        <From>
          <Date />
          <String />
        </From>
        <To>
          <Date />
          <String />
        </To>
      </DateCovered>
      <DigitizationId />
      <DocumentType>
        <Main>
          <Description>Conference Paper</Description>
          <EcmsCode>3</EcmsCode>
        </Main>
        <Sub>
          <Description>Briefing Charts</Description>
          <EcmsCode>58</EcmsCode>
        </Sub>
      </DocumentType>
      <Doi />
      <EcmsCollection>TR</EcmsCollection>
      <EmbeddedMedia>0</EmbeddedMedia>
      <Files>
        <File Num="1">
          <DownloadFileName>AD1000372.pdf</DownloadFileName>
          <UploadFileName>ECMS SIPR_project Requirement.pdf</UploadFileName>
          <UploadFileSize />
        </File>
      </Files>
      <FormOrigin>E</FormOrigin>
      <FundingOrganizations>
        <FundingOrganization Num="1">
          <Acronym />
          <City>FAIRFAX</City>
          <Code>242493</Code>
          <Contract>
            <AwardDate />
            <IacType />
            <ContractNumbers />
            <Title />
          </Contract>
          <Country>
            <EcmsCode>242</EcmsCode>
            <Name>United States</Name>
          </Country>
          <GrantNumbers />
          <Name>3 PHOENIX INC FAIRFAX VA</Name>
          <OrganizationType>
            <Code>4</Code>
            <Description>Industrial/Commercial</Description>
            <EcmsCode>100</EcmsCode>
            <Id>4</Id>
          </OrganizationType>
          <PerformanceMethod />
          <PostalCode />
          <ProgramElementNumbers />
          <ProjectNumbers />
          <ReportNumbers />
          <SameOrganizationAsAuthor>1</SameOrganizationAsAuthor>
          <SourceCode>446427</SourceCode>
          <State>
            <EcmsCode>46</EcmsCode>
            <Name>VA</Name>
          </State>
          <SubName />
          <TaskNumbers />
          <TaskOrders>
            <TaskOrder>
              <EndDate>
                <Date>0001-01-01</Date>
                <String>0001-01-01</String>
              </EndDate>
              <Number>
                <Punctuated />
                <Unpunctuated />
              </Number>
              <StartDate>
                <Date>0001-01-01</Date>
                <String>0001-01-01</String>
              </StartDate>
              <Title />
            </TaskOrder>
          </TaskOrders>
          <WorkUnitNumbers />
        </FundingOrganization>
      </FundingOrganizations>
      <Journal>
        <PublicationDate />
      </Journal>
      <Markings>
        <Abstract>
          <Classification>
            <Code>U</Code>
            <Description>Unclassified</Description>
          </Classification>
          <Distribution>
            <Code>C</Code>
            <Description>U.S. Government agencies and their contractors</Description>
            <EcmsCode>3</EcmsCode>
            <Name>U.S. Government agencies and their contractors</Name>
          </Distribution>
          <DistributionReasons>
            <DistributionReason Num="1">
              <Code>EC</Code>
              <Description>Export Controlled</Description>
            </DistributionReason>
          </DistributionReasons>
          <ExportControl>1</ExportControl>
        </Abstract>
        <ClassificationChangeAuthority />
        <Copyright />
        <DeclassificationDate />
        <Descriptor>
          <Classification>
            <Code>U</Code>
            <Description>Unclassified</Description>
          </Classification>
        </Descriptor>
        <DistributionChange>
          <ChangeAuthority />
        </DistributionChange>
        <DistributionDate />
        <Document>
          <Classification>
            <Code>U</Code>
            <Description>Unclassified</Description>
          </Classification>
          <Distribution>
            <Code>C</Code>
            <DateSameAsReport>1</DateSameAsReport>
            <Description>U.S. Government agencies and their contractors</Description>
            <EcmsCode>3</EcmsCode>
          </Distribution>
          <DistributionDate>
            <Date>2020-07-23</Date>
            <String>2020-07-23</String>
          </DistributionDate>
          <DistributionReasons>
            <DistributionReason Num="1">
              <Code>EC</Code>
              <Description>Export Controlled</Description>
              <EcmsCode>10073</EcmsCode>
            </DistributionReason>
          </DistributionReasons>
          <ExportControl>1</ExportControl>
          <EmbargoPeriod />
          <Nato />
          <OpenAccessAvailable>0</OpenAccessAvailable>
          <OstpJournal>0</OstpJournal>
          <DistributionComment />
          <ForPay>0</ForPay>
        </Document>
        <DocumentExists>1</DocumentExists>
        <DowngradeDate />
        <Identifier>
          <Classification>
            <Code>U</Code>
            <Description>Unclassified</Description>
          </Classification>
        </Identifier>
        <Nato />
        <Record>
          <Classification>
            <Code>U</Code>
            <Description>Unclassified</Description>
          </Classification>
        </Record>
        <ReplaceDate />
        <SecurityChanges />
        <TitleClassification />
      </Markings>
      <MediaFormat>
        <EcmsCode />
      </MediaFormat>
      <Pagination>25</Pagination>
      <ProcessingPriority />
      <PublicationDate>
        <Date>2020-07-23</Date>
        <String>2020-07-23</String>
      </PublicationDate>
      <RecordId>125272</RecordId>
      <RecordStatus>
        <Code>A</Code>
        <Description>active</Description>
      </RecordStatus>
      <RelatedAccessionNumber />
      <SbirTopic />
      <Sf298>1</Sf298>
      <Submitter>
        <EmailAddress>abdul.wahab6.civ@mail.mil</EmailAddress>
        <FirstName>abdul</FirstName>
        <LastName>wahab</LastName>
        <LdapId>wahaba0000</LdapId>
        <MiddleName />
        <Name>wahab  abdul</Name>
        <Orcid />
        <Phone>(323) 555-6633</Phone>
        <SameAsAuthor>0</SameAsAuthor>
        <Suffix />
      </Submitter>
      <TagSets Source="human">
        <CommunitiesOfInterest />
        <Descriptors>
          <Descriptor id="" score="" />
        </Descriptors>
        <Identifiers />
        <JointCapabilityAreas />
        <SubjectCategories />
        <TaggedDate>
          <DateTime>2020-07-21 00:00:00</DateTime>
        </TaggedDate>
        <TechnologyAreas />
        <TechnologyReadinessLevel />
      </TagSets>
      <TagSets Source="tagger">
        <CommunitiesOfInterest />
        <Descriptors />
        <Identifiers />
        <JointCapabilityAreas />
        <SubjectCategories />
        <TaggedDate />
        <TechnologyAreas />
        <TechnologyReadinessLevel />
      </TagSets>
      <Title>test doc type conference paper</Title>
      <UpdateDate>
        <Date>2020-07-21</Date>
        <String>2020-07-21</String>
      </UpdateDate>
      <WorkflowId>256253</WorkflowId>
    </Record>
    <Record>
      <Abstract>Distribution type is B with export control Yes </Abstract>
      <AccessionNumber>AD1000373</AccessionNumber>
      <AdministrativeNote />
      <AuthorOrganizations>
        <AuthorOrganization Num="1">
          <Acronym />
          <City>ITHACA</City>
          <Country>
            <EcmsCode>242</EcmsCode>
            <Name>United States</Name>
          </Country>
          <Name>ACQUISITION SYSTEMS ITHACA NY</Name>
          <OrganizationType>
            <Code>4</Code>
            <Description>Industrial/Commercial</Description>
            <EcmsCode>100</EcmsCode>
          </OrganizationType>
          <PostalCode />
          <ReportCode />
          <ReportNumbers />
          <SourceCode>433456</SourceCode>
          <State>
            <EcmsCode>32</EcmsCode>
            <Name>NY</Name>
          </State>
          <SubName>LANGMUIR LAB</SubName>
        </AuthorOrganization>
      </AuthorOrganizations>
      <Authors>
        <Author Num="1">
          <FirstName>Test</FirstName>
          <Government>0</Government>
          <LastName>Submitter</LastName>
          <MiddleName>t</MiddleName>
          <Orcid>aw237423746</Orcid>
          <Suffix />
        </Author>
      </Authors>
      <Comment>added all the diff types of id numbers for perform org. </Comment>
      <Conference>
        <EndDate />
        <Location>
          <Country />
        </Location>
        <StartDate />
      </Conference>
      <ControllingOrganizations>
        <ControllingOrganization Num="1">
          <Acronym />
          <City>ITHACA</City>
          <Code />
          <Country />
          <Name>ACQUISITION SYSTEMS ITHACA NY </Name>
          <PostalCode>14850</PostalCode>
          <SameOrganizationAsFunding>0</SameOrganizationAsFunding>
          <SourceCode />
          <State>NY</State>
          <Street />
          <SubName />
        </ControllingOrganization>
      </ControllingOrganizations>
      <CreationDate>
        <Date>2020-07-21</Date>
        <String>2020-07-21</String>
      </CreationDate>
      <DateCovered>
        <From>
          <Date>2020-07-06</Date>
          <String>2020-07-06</String>
        </From>
        <To>
          <Date>2020-07-31</Date>
          <String>2020-07-31</String>
        </To>
      </DateCovered>
      <DigitizationId />
      <DocumentType>
        <Main>
          <Description>Technical Report</Description>
          <EcmsCode>1</EcmsCode>
        </Main>
        <Sub>
          <Description>Technical Memo</Description>
          <EcmsCode>78</EcmsCode>
        </Sub>
      </DocumentType>
      <Doi>doi432534535test</Doi>
      <EcmsCollection>TR</EcmsCollection>
      <EmbeddedMedia>1</EmbeddedMedia>
      <Files>
        <File Num="1">
          <DownloadFileName>AD1000373.pdf</DownloadFileName>
          <UploadFileName>ECMS SIPR_project Requirement.pdf</UploadFileName>
          <UploadFileSize />
        </File>
      </Files>
      <FormOrigin>E</FormOrigin>
      <FundingOrganizations>
        <FundingOrganization Num="1">
          <Acronym>NYTest</Acronym>
          <City>ITHACA</City>
          <Code>242496</Code>
          <Contract>
            <AwardDate />
            <IacType />
            <ContractNumbers>
              <ContractNumber Num="1">
                <Punctuated>aw253345</Punctuated>
                <Unpunctuated>aw253345</Unpunctuated>
              </ContractNumber>
            </ContractNumbers>
            <Title />
          </Contract>
          <Country>
            <EcmsCode>242</EcmsCode>
            <Name>United States</Name>
          </Country>
          <GrantNumbers>
            <GrantNumber Num="1">
              <Punctuated>grnt453646</Punctuated>
              <Unpunctuated>grnt453646</Unpunctuated>
            </GrantNumber>
          </GrantNumbers>
          <Name>ACQUISITION SYSTEMS ITHACA NY</Name>
          <OrganizationType>
            <Code>4</Code>
            <Description>Industrial/Commercial</Description>
            <EcmsCode>100</EcmsCode>
            <Id>4</Id>
          </OrganizationType>
          <PerformanceMethod>
            <Code>I</Code>
            <Description>IN-HOUSE - Work performed within a DoD activity.</Description>
            <EcmsCode>3</EcmsCode>
            <Name>IN-HOUSE - Work performed within a DoD activity.</Name>
          </PerformanceMethod>
          <PostalCode />
          <ProgramElementNumbers>
            <ProgramElementNumber Num="1">
              <Punctuated>pg345345</Punctuated>
              <Unpunctuated>pg345345</Unpunctuated>
            </ProgramElementNumber>
          </ProgramElementNumbers>
          <ProjectNumbers>
            <ProjectNumber Num="1">
              <Punctuated>p543553</Punctuated>
              <Unpunctuated>p543553</Unpunctuated>
            </ProjectNumber>
          </ProjectNumbers>
          <ReportNumbers>
            <ReportNumber Num="1">
              <Punctuated>rpt34883</Punctuated>
              <Unpunctuated>rpt34883</Unpunctuated>
            </ReportNumber>
          </ReportNumbers>
          <SameOrganizationAsAuthor>1</SameOrganizationAsAuthor>
          <SourceCode>433456</SourceCode>
          <State>
            <EcmsCode>32</EcmsCode>
            <Name>NY</Name>
          </State>
          <SubName />
          <TaskNumbers>
            <TaskNumber Num="1">
              <Punctuated>t34535</Punctuated>
              <Unpunctuated>t34535</Unpunctuated>
            </TaskNumber>
          </TaskNumbers>
          <TaskOrders>
            <TaskOrder>
              <EndDate>
                <Date>0001-01-01</Date>
                <String>0001-01-01</String>
              </EndDate>
              <Number>
                <Punctuated />
                <Unpunctuated />
              </Number>
              <StartDate>
                <Date>0001-01-01</Date>
                <String>0001-01-01</String>
              </StartDate>
              <Title />
            </TaskOrder>
          </TaskOrders>
          <WorkUnitNumbers>
            <WorkUnitNumber Num="1">
              <Punctuated>w32345345</Punctuated>
              <Unpunctuated>w32345345</Unpunctuated>
            </WorkUnitNumber>
          </WorkUnitNumbers>
        </FundingOrganization>
      </FundingOrganizations>
      <Journal>
        <PublicationDate />
      </Journal>
      <Markings>
        <Abstract>
          <Classification>
            <Code>U</Code>
            <Description>Unclassified</Description>
          </Classification>
          <Distribution>
            <Code>B</Code>
            <Description>U.S. Government agencies only</Description>
            <EcmsCode>2</EcmsCode>
            <Name>U.S. Government agencies only</Name>
          </Distribution>
          <DistributionReasons>
            <DistributionReason Num="1">
              <Code>EC</Code>
              <Description>Export Controlled</Description>
            </DistributionReason>
          </DistributionReasons>
          <ExportControl>1</ExportControl>
        </Abstract>
        <ClassificationChangeAuthority />
        <Copyright />
        <DeclassificationDate />
        <Descriptor>
          <Classification>
            <Code>U</Code>
            <Description>Unclassified</Description>
          </Classification>
        </Descriptor>
        <DistributionChange>
          <ChangeAuthority />
        </DistributionChange>
        <DistributionDate />
        <Document>
          <Classification>
            <Code>U</Code>
            <Description>Unclassified</Description>
          </Classification>
          <Distribution>
            <Code>B</Code>
            <DateSameAsReport>0</DateSameAsReport>
            <Description>U.S. Government agencies only</Description>
            <EcmsCode>2</EcmsCode>
          </Distribution>
          <DistributionDate>
            <Date>2020-08-08</Date>
            <String>2020-08-08</String>
          </DistributionDate>
          <DistributionReasons>
            <DistributionReason Num="1">
              <Code>EC</Code>
              <Description>Export Controlled</Description>
              <EcmsCode>10062</EcmsCode>
            </DistributionReason>
          </DistributionReasons>
          <ExportControl>1</ExportControl>
          <EmbargoPeriod />
          <Nato />
          <OpenAccessAvailable>0</OpenAccessAvailable>
          <OstpJournal>0</OstpJournal>
          <DistributionComment />
          <ForPay>0</ForPay>
        </Document>
        <DocumentExists>1</DocumentExists>
        <DowngradeDate />
        <Identifier>
          <Classification>
            <Code>U</Code>
            <Description>Unclassified</Description>
          </Classification>
        </Identifier>
        <Nato />
        <Record>
          <Classification>
            <Code>U</Code>
            <Description>Unclassified</Description>
          </Classification>
        </Record>
        <ReplaceDate />
        <SecurityChanges />
        <TitleClassification />
      </Markings>
      <MediaFormat>
        <Description>Audio</Description>
        <EcmsCode>1</EcmsCode>
      </MediaFormat>
      <Pagination>25</Pagination>
      <ProcessingPriority />
      <PublicationDate>
        <Date>2020-07-31</Date>
        <String>2020-07-31</String>
      </PublicationDate>
      <RecordId>125273</RecordId>
      <RecordStatus>
        <Code>A</Code>
        <Description>active</Description>
      </RecordStatus>
      <RelatedAccessionNumber />
      <SbirTopic />
      <Sf298>1</Sf298>
      <Submitter>
        <EmailAddress>abdul.wahab6.civ@mail.mil</EmailAddress>
        <FirstName>abdul</FirstName>
        <LastName>wahab</LastName>
        <LdapId>wahaba0000</LdapId>
        <MiddleName />
        <Name>wahab  abdul</Name>
        <Orcid />
        <Phone>(727) 234-4243</Phone>
        <SameAsAuthor>0</SameAsAuthor>
        <Suffix />
      </Submitter>
      <TagSets Source="human">
        <CommunitiesOfInterest>
          <CommunityOfInterest>
            <MainEcmsCode>13</MainEcmsCode>
            <SubAreaEcmsCode>61</SubAreaEcmsCode>
          </CommunityOfInterest>
        </CommunitiesOfInterest>
        <Descriptors>
          <Descriptor id="" score="" />
        </Descriptors>
        <Identifiers>
          <Identifier Num="1">test subject </Identifier>
        </Identifiers>
        <JointCapabilityAreas id="125273" name="">
          <JointCapabilityArea>
            <Code>5</Code>
            <Name>Force Support</Name>
          </JointCapabilityArea>
        </JointCapabilityAreas>
        <SubjectCategories />
        <TaggedDate>
          <DateTime>2020-07-21 00:00:00</DateTime>
        </TaggedDate>
        <TechnologyAreas>
          <TechnologyArea Num="1">
            <Name>5. System/subsystem/component validation in relevant environment</Name>
            <EcmsCode>5</EcmsCode>
          </TechnologyArea>
        </TechnologyAreas>
        <TechnologyReadinessLevel />
      </TagSets>
      <TagSets Source="tagger">
        <CommunitiesOfInterest />
        <Descriptors />
        <Identifiers />
        <JointCapabilityAreas />
        <SubjectCategories />
        <TaggedDate />
        <TechnologyAreas />
        <TechnologyReadinessLevel />
      </TagSets>
      <Title>TR with technical memo</Title>
      <UpdateDate>
        <Date>2020-07-21</Date>
        <String>2020-07-21</String>
      </UpdateDate>
      <WorkflowId>255263</WorkflowId>
    </Record>
    <Record>
      <Abstract>Funding has many report id fields, not perform. I filled out one funding with all id fields.
  </Abstract>
      <AccessionNumber>AD1000374</AccessionNumber>
      <AdministrativeNote />
      <AuthorOrganizations>
        <AuthorOrganization Num="1">
          <Acronym />
          <City>MCLEAN</City>
          <Country />
          <Name>ACADEMIC PEDIATRIC ASSOCIATION MCLEAN VA</Name>
          <OrganizationType>
            <Code>4</Code>
            <Description>Industrial/Commercial</Description>
            <EcmsCode>100</EcmsCode>
          </OrganizationType>
          <PostalCode />
          <ReportCode />
          <ReportNumbers>
            <ReportNumber Num="1">
              <Punctuated>rp384579834test</Punctuated>
              <Unpunctuated>rp384579834test</Unpunctuated>
            </ReportNumber>
          </ReportNumbers>
          <SourceCode>604271</SourceCode>
          <State>
            <EcmsCode>46</EcmsCode>
            <Name>VA</Name>
          </State>
          <SubName>CONTINUITY RESEARCH NETWORK</SubName>
        </AuthorOrganization>
      </AuthorOrganizations>
      <Authors />
      <Comment>test adadglkja a fdsljgadl  </Comment>
      <Conference>
        <EndDate />
        <Location>
          <Country />
        </Location>
        <StartDate />
      </Conference>
      <ControllingOrganizations>
        <ControllingOrganization Num="1">
          <Acronym />
          <City> testy</City>
          <Code />
          <Country />
          <Name> test control office  </Name>
          <PostalCode>22150</PostalCode>
          <SameOrganizationAsFunding>0</SameOrganizationAsFunding>
          <SourceCode />
          <State>VA</State>
          <Street />
          <SubName />
        </ControllingOrganization>
      </ControllingOrganizations>
      <CreationDate>
        <Date>2020-07-21</Date>
        <String>2020-07-21</String>
      </CreationDate>
      <DateCovered>
        <From>
          <Date />
          <String />
        </From>
        <To>
          <Date />
          <String />
        </To>
      </DateCovered>
      <DigitizationId />
      <DocumentType>
        <Main>
          <Description>JOURNAL ARTICLE - OPEN ACCESS</Description>
          <EcmsCode>2</EcmsCode>
        </Main>
        <Sub>
          <Description>Journal</Description>
          <EcmsCode>85</EcmsCode>
        </Sub>
      </DocumentType>
      <Doi />
      <EcmsCollection>TR</EcmsCollection>
      <EmbeddedMedia>0</EmbeddedMedia>
      <Files>
        <File Num="1">
          <DownloadFileName>AD1000374.pdf</DownloadFileName>
          <UploadFileName>ECMS SIPR_project Requirement.pdf</UploadFileName>
          <UploadFileSize />
        </File>
      </Files>
      <FormOrigin>E</FormOrigin>
      <FundingOrganizations>
        <FundingOrganization Num="1">
          <Acronym />
          <City>MCLEAN</City>
          <Code>242499</Code>
          <Contract>
            <AwardDate />
            <IacType />
            <ContractNumbers />
            <Title />
          </Contract>
          <Country>
            <EcmsCode>242</EcmsCode>
            <Name>United States</Name>
          </Country>
          <GrantNumbers />
          <Name>ACADEMIC PEDIATRIC ASSOCIATION MCLEAN VA</Name>
          <OrganizationType>
            <Code>4</Code>
            <Description>Industrial/Commercial</Description>
            <EcmsCode>100</EcmsCode>
            <Id>4</Id>
          </OrganizationType>
          <PerformanceMethod />
          <PostalCode />
          <ProgramElementNumbers />
          <ProjectNumbers />
          <ReportNumbers>
            <ReportNumber Num="1">
              <Punctuated>rp384579834test</Punctuated>
              <Unpunctuated>rp384579834test</Unpunctuated>
            </ReportNumber>
          </ReportNumbers>
          <SameOrganizationAsAuthor>1</SameOrganizationAsAuthor>
          <SourceCode>604271</SourceCode>
          <State>
            <EcmsCode>46</EcmsCode>
            <Name>VA</Name>
          </State>
          <SubName />
          <TaskNumbers />
          <TaskOrders>
            <TaskOrder>
              <EndDate>
                <Date>0001-01-01</Date>
                <String>0001-01-01</String>
              </EndDate>
              <Number>
                <Punctuated />
                <Unpunctuated />
              </Number>
              <StartDate>
                <Date>0001-01-01</Date>
                <String>0001-01-01</String>
              </StartDate>
              <Title />
            </TaskOrder>
          </TaskOrders>
          <WorkUnitNumbers />
        </FundingOrganization>
      </FundingOrganizations>
      <Journal>
        <IssueNumber />
        <PageNumber />
        <PublicationDate>
          <Date />
          <String />
        </PublicationDate>
        <Title>Test jurnal title  </Title>
        <VolumeNumber />
      </Journal>
      <Markings>
        <Abstract>
          <Classification>
            <Code>U</Code>
            <Description>Unclassified</Description>
          </Classification>
          <Distribution>
            <Code>A</Code>
            <Description>Approved For Public Release</Description>
            <EcmsCode>1</EcmsCode>
            <Name>Approved For Public Release</Name>
          </Distribution>
          <DistributionReasons>
            <DistributionReason Num="1" />
          </DistributionReasons>
          <ExportControl>0</ExportControl>
        </Abstract>
        <ClassificationChangeAuthority />
        <DeclassificationDate />
        <Descriptor>
          <Classification>
            <Code>U</Code>
            <Description>Unclassified</Description>
          </Classification>
        </Descriptor>
        <DistributionChange>
          <ChangeAuthority />
        </DistributionChange>
        <DistributionDate />
        <Document>
          <Classification>
            <Code>U</Code>
            <Description>Unclassified</Description>
          </Classification>
          <Distribution>
            <Code>A</Code>
            <DateSameAsReport>0</DateSameAsReport>
            <Description>Approved For Public Release</Description>
            <EcmsCode>1</EcmsCode>
          </Distribution>
          <DistributionDate>
            <Date>2020-07-16</Date>
            <String>2020-07-16</String>
          </DistributionDate>
          <DistributionReasons>
            <DistributionReason Num="1">
              <Code>PB</Code>
              <Description>Public Release</Description>
              <EcmsCode>10098</EcmsCode>
            </DistributionReason>
          </DistributionReasons>
          <ExportControl>0</ExportControl>
          <EmbargoPeriod />
          <Nato />
          <OpenAccessAvailable>0</OpenAccessAvailable>
          <OstpJournal>0</OstpJournal>
          <DistributionComment />
          <ForPay>0</ForPay>
        </Document>
        <DocumentExists>1</DocumentExists>
        <DowngradeDate />
        <Identifier>
          <Classification>
            <Code>U</Code>
            <Description>Unclassified</Description>
          </Classification>
        </Identifier>
        <Nato />
        <Record>
          <Classification>
            <Code>U</Code>
            <Description>Unclassified</Description>
          </Classification>
        </Record>
        <ReplaceDate />
        <SecurityChanges />
        <TitleClassification />
      </Markings>
      <MediaFormat>
        <EcmsCode />
      </MediaFormat>
      <Pagination>25</Pagination>
      <ProcessingPriority />
      <PublicationDate>
        <Date>2020-07-14</Date>
        <String>2020-07-14</String>
      </PublicationDate>
      <RecordId>125274</RecordId>
      <RecordStatus>
        <Code>A</Code>
        <Description>active</Description>
      </RecordStatus>
      <RelatedAccessionNumber />
      <SbirTopic />
      <Sf298>1</Sf298>
      <Submitter>
        <EmailAddress>abdul.wahab6.civ@mail.mil</EmailAddress>
        <FirstName>abdul</FirstName>
        <LastName>wahab</LastName>
        <LdapId>wahaba0000</LdapId>
        <MiddleName />
        <Name>wahab  abdul</Name>
        <Orcid />
        <Phone>(234) 234-2552</Phone>
        <SameAsAuthor>0</SameAsAuthor>
        <Suffix />
      </Submitter>
      <TagSets Source="human">
        <CommunitiesOfInterest />
        <Descriptors>
          <Descriptor id="" score="" />
        </Descriptors>
        <Identifiers>
          <Identifier Num="1">test subject  </Identifier>
        </Identifiers>
        <JointCapabilityAreas />
        <SubjectCategories />
        <TaggedDate>
          <DateTime>2020-07-21 00:00:00</DateTime>
        </TaggedDate>
        <TechnologyAreas />
        <TechnologyReadinessLevel />
      </TagSets>
      <TagSets Source="tagger">
        <CommunitiesOfInterest />
        <Descriptors />
        <Identifiers />
        <JointCapabilityAreas />
        <SubjectCategories />
        <TaggedDate />
        <TechnologyAreas />
        <TechnologyReadinessLevel />
      </TagSets>
      <Title>Test Jouranl</Title>
      <UpdateDate>
        <Date>2020-07-21</Date>
        <String>2020-07-21</String>
      </UpdateDate>
      <WebPublicationDate>
        <Date>7/14/2020 12:00:00 AM</Date>
        <String>7/14/2020 12:00:00 AM</String>
      </WebPublicationDate>
      <WorkflowId>256273</WorkflowId>
    </Record>
  </Records>
</ECMS>